{"cameraMode":{"drawMode":0,"name":"Shaded","section":"Shading Mode"},"sceneLighting":true,"audioPlay":false,"sceneViewState":{"m_AlwaysRefresh":false,"showFog":true,"showSkybox":true,"showFlares":true,"showImageEffects":true,"showParticleSystems":true,"showVisualEffectGraphs":true,"m_FxEnabled":true},"in2DMode":false,"pivot":{"x":-0.40376582741737368,"y":0.45504817366600039,"z":6.659546375274658},"rotation":{"x":-0.08543039113283158,"y":0.901332437992096,"z":-0.20801004767417909,"w":-0.3701801300048828},"size":7.485637187957764,"orthographic":false}